{
  "configSettings": {
    "gmAutoAttack": true,
    "gmAutoFastForwardAttack": true,
    "gmAutoDamage": "always",
    "gmAutoFastForwardDamage": true,
    "showItemDetails": "all",
    "itemTypeList": [
      "weapon",
      "equipment",
      "consumable",
      "tool",
      "loot",
      "class",
      "spell",
      "feat",
      "backpack"
    ],
    "autoRollAttack": true,
    "autoFastForward": "all",
    "autoTarget": "wallsBlockIgnoreDefeated",
    "autoCheckHit": "all",
    "autoCheckSaves": "all",
    "hideRollDetails": "none",
    "displaySaveDC": true,
    "checkSaveText": false,
    "autoRollDamage": "onHit",
    "autoApplyDamage": "yesCard",
    "damageImmunities": "immunityPhysical",
    "autoItemEffects": "applyRemove",
    "rangeTarget": "alwaysIgnoreDefeated",
    "playerRollSaves": "noneDialog",
    "playerSaveTimeout": 30,
    "rollNPCSaves": "auto",
    "preRollChecks": false,
    "mergeCard": true,
    "mergeCardCondensed": true,
    "hideNPCNames": "",
    "useTokenNames": true,
    "fullAuto": false,
    "allowUseMacro": true,
    "rollOtherDamage": "condition",
    "removeButtons": "all",
    "gmRemoveButtons": "all",
    "concentrationAutomation": true,
    "singleConcentrationRoll": true,
    "optionalRules": {
      "actionSpecialDurationImmediate": false,
      "activeDefence": false,
      "activeDefenceShowGM": false,
      "challengeModeArmor": "none",
      "challengeModeArmorScale": false,
      "checkFlanking": "off",
      "checkRange": "longfail",
      "coverCalculation": "none",
      "displayBonusRolls": true,
      "criticalNat20": false,
      "criticalSaves": false,
      "distanceIncludesHeight": true,
      "incapacitated": true,
      "invisAdvantage": "RAW",
      "hiddenAdvantage": "none",
      "maxDRValue": true,
      "DRAllPerDamageDetail": true,
      "nearbyAllyRanged": 0,
      "nearbyFoe": 5,
      "optionalCritRule": -1,
      "removeHiddenInvis": true,
      "wallsBlockRange": "center",
      "mergeCardMulti": false,
      "enableddbGL": false,
      "enforceReactions": "all",
      "recordAOO": "all",
      "autoRerollInitiative": false,
      "invisVision": false,
      "vitalityResource": ""
    },
    "optionalRulesEnabled": true,
    "defaultSaveMult": 0.5,
    "keepRollStats": true,
    "saveStatsEvery": 20,
    "playerStatsOnly": true,
    "removeConcentration": true,
    "usePlayerPortrait": false,
    "doReactions": "all",
    "gmDoReactions": "all",
    "reactionTimeout": 30,
    "requiresTargets": "combat",
    "showReactionAttackRoll": "all",
    "autoCEEffects": "cepri",
    "rollOtherSpellDamage": "none",
    "promptDamageRoll": false,
    "gmHide3dDice": false,
    "ghostRolls": false,
    "gmFastForwardSpells": false,
    "fastForwardSpells": false,
    "accelKeysOverride": false,
    "enableddbGL": false,
    "showReactionChatMessage": false,
    "rollNPCLinkedSaves": "auto",
    "gmConsumeResource": "none",
    "consumeResource": "none",
    "gmLateTargeting": "none",
    "lateTargeting": "none",
    "addWounded": null,
    "addDead": "none",
    "convenientEffectsReaction": "Reaction",
    "fixStickyKeys": true,
    "autoFailSavesFriendly": false,
    "worldKeyMappings": false,
    "toggleOptionalRules": false,
    "saveDROrder": "DRSavedr",
    "fumbleSound": "sounds/dice.wav",
    "criticalSound": "sounds/dice.wav",
    "diceSound": "sounds/dice.wav",
    "rollChecksBlind": [
      "none"
    ],
    "rollSavesBlind": [
      "none"
    ],
    "rollSkillsBlind": [
      "none"
    ],
    "displaySaveAdvantage": true,
    "recordAOO": "none",
    "enforceReactions": "none",
    "enforceBonusActions": "none",
    "playerDamageCard": "none",
    "playerCardDamageDifferent": true,
    "displayHitResultNumeric": false,
    "rollAlternate": "off",
    "allowActorUseMacro": true,
    "skillAbilityCheckAdvantage": true,
    "keyMapping": {
      "DND5E.Advantage": "altKey",
      "DND5E.Disadvantage": "ctrlKey",
      "DND5E.Critical": "altKey",
      "DND5E.Versatile": "shiftKey"
    },
    "addWoundedStyle": "none",
    "paranoidGM": false,
    "tempHPDamageConcentrationCheck": false,
    "showDSN": true,
    "showFastForward": true,
    "highlightSuccess": false,
    "confirmAttackDamage": "none",
    "requireMagical": "off",
    "itemRollStartWorkflow": false,
    "ignoreSpellReactionRestriction": false,
    "damageImmunityMultiplier": 0,
    "damageResistanceMultiplier": 0.5,
    "damageVulnerabilityMultiplier": 2,
    "hidePlayerDamageCard": true,
    "attackPerTarget": false,
    "autoRemoveTemplate": true,
    "removeConcentrationEffects": "effects",
    "undoWorkflow": false,
    "enforceSingleWeaponTarget": false,
    "quickSettings": true,
    "averageNPCDamage": false,
    "midiWoundedCondition": "none",
    "midiDeadCondition": "none",
    "midiUnconsciousCondition": "none",
    "griddedGridless": false,
    "gridlessFudge": 0,
    "concentrationIncapacitatedConditionCheck": true,
    "mergeCardMulti": false,
    "autoCompleteWorkflow": false,
    "useCustomSounds": false
  },
  "midiSoundSettings": {
    "any": {},
    "version": "0.9.48"
  },
  "itemRollButtons": true,
  "criticalDamage": "default",
  "criticalDamageGM": "default",
  "nsaFlag": true,
  "coloredBorders": "None",
  "addChatDamageButtons": "none",
  "autoFastForwardAbilityRolls": true,
  "autoRemoveTargets": "dead",
  "forceHideRoll": true,
  "enableWorkflow": true,
  "dragDropTargeting": false,
  "targetConfirmation": {
    "enabled": false,
    "always": false,
    "noneTargeted": false,
    "hasAttack": false,
    "hasCreatureTarget": false,
    "targetSelf": false,
    "hasAoE": false,
    "hasRangedAoE": false,
    "longRange": false,
    "inCover": false,
    "mixedDispositiion": false,
    "gridPosition": {
      "x": 0,
      "y": 0
    }
  },
  "flags": {
    "exportSource": {
      "system": "dnd5e",
      "coreVersion": "11.315",
      "systemVersion": "2.4.1"
    }
  }
}