{
  "configSettings": {
    "gmAutoAttack": true,
    "gmAutoFastForwardAttack": true,
    "gmAutoDamage": "always",
    "gmAutoFastForwardDamage": true,
    "showItemDetails": "all",
    "itemTypeList": [
      "weapon",
      "equipment",
      "consumable",
      "tool",
      "loot",
      "class",
      "spell",
      "feat",
      "backpack"
    ],
    "autoRollAttack": true,
    "autoFastForward": "all",
    "autoTarget": "wallsBlockIgnoreDefeated",
    "autoCheckHit": "all",
    "autoCheckSaves": "all",
    "hideRollDetails": "none",
    "displaySaveDC": true,
    "checkSaveText": true,
    "autoRollDamage": "onHit",
    "autoApplyDamage": "yesCard",
    "damageImmunities": "immunityPhysical",
    "autoItemEffects": "applyRemove",
    "rangeTarget": "alwaysIgnoreDefeated",
    "playerRollSaves": "noneDialog",
    "playerSaveTimeout": 30,
    "rollNPCSaves": "auto",
    "preRollChecks": false,
    "mergeCard": true,
    "mergeCardCondensed": false,
    "hideNPCNames": "",
    "useTokenNames": true,
    "fullAuto": false,
    "allowUseMacro": true,
    "rollOtherDamage": "ifSave",
    "removeButtons": "all",
    "gmRemoveButtons": "all",
    "concentrationAutomation": false,
    "singleConcentrationRoll": true,
    "optionalRules": {
      "actionSpecialDurationImmediate": true,
      "activeDefence": false,
      "activeDefenceShow": "selfroll",
      "challengeModeArmor": "none",
      "challengeModeArmorScale": false,
      "checkFlanking": "off",
      "checkRange": "longfail",
      "coverCalculation": "none",
      "displayBonusRolls": true,
      "criticalNat20": false,
      "criticalSaves": false,
      "distanceIncludesHeight": true,
      "incapacitated": false,
      "invisAdvantage": "RAW",
      "hiddenAdvantage": "none",
      "maxDRValue": true,
      "DRAllPerDamageDetail": true,
      "nearbyAllyRanged": 0,
      "nearbyFoe": 5,
      "optionalCritRule": -1,
      "removeHiddenInvis": true,
      "wallsBlockRange": "center",
      "mergeCardMulti": false,
      "mergeCardMultiDamage": false,
      "enableddbGL": false,
      "enforceReactions": "all",
      "recordAOO": "all",
      "autoRerollInitiative": false,
      "invisVision": false,
      "vitalityResource": ""
    },
    "optionalRulesEnabled": true,
    "defaultSaveMult": 0.5,
    "keepRollStats": true,
    "saveStatsEvery": 20,
    "playerStatsOnly": true,
    "removeConcentration": true,
    "usePlayerPortrait": false,
    "doReactions": "allMI",
    "gmDoReactions": "allMI",
    "reactionTimeout": 30,
    "requiresTargets": "combat",
    "showReactionAttackRoll": "all",
    "autoCEEffects": "cepri",
    "rollOtherSpellDamage": "ifSave",
    "promptDamageRoll": false,
    "gmHide3dDice": false,
    "ghostRolls": false,
    "gmFastForwardSpells": false,
    "fastForwardSpells": false,
    "accelKeysOverride": false,
    "enableddbGL": false,
    "showReactionChatMessage": false,
    "rollNPCLinkedSaves": "auto",
    "gmConsumeResource": "none",
    "consumeResource": "none",
    "gmLateTargeting": "none",
    "lateTargeting": "none",
    "addWounded": null,
    "addDead": "none",
    "convenientEffectsReaction": "Reaction",
    "fixStickyKeys": true,
    "autoFailSavesFriendly": false,
    "worldKeyMappings": false,
    "toggleOptionalRules": false,
    "saveDROrder": "DRSavedr",
    "fumbleSound": "sounds/dice.wav",
    "criticalSound": "sounds/dice.wav",
    "diceSound": "sounds/dice.wav",
    "rollChecksBlind": [],
    "rollSavesBlind": [],
    "rollSkillsBlind": [],
    "displaySaveAdvantage": true,
    "recordAOO": "all",
    "enforceReactions": "displayOnly",
    "enforceBonusActions": "displayOnly",
    "playerDamageCard": "none",
    "playerCardDamageDifferent": true,
    "displayHitResultNumeric": false,
    "rollAlternate": "adv",
    "allowActorUseMacro": true,
    "skillAbilityCheckAdvantage": true,
    "keyMapping": {
      "DND5E.Advantage": "altKey",
      "DND5E.Disadvantage": "ctrlKey",
      "DND5E.Critical": "altKey",
      "DND5E.Versatile": "shiftKey"
    },
    "addWoundedStyle": "none",
    "paranoidGM": false,
    "tempHPDamageConcentrationCheck": false,
    "showDSN": true,
    "showFastForward": true,
    "highlightSuccess": true,
    "confirmAttackDamage": "none",
    "requireMagical": "off",
    "itemRollStartWorkflow": false,
    "ignoreSpellReactionRestriction": false,
    "damageImmunityMultiplier": 0,
    "damageResistanceMultiplier": 0.5,
    "damageVulnerabilityMultiplier": 2,
    "hidePlayerDamageCard": true,
    "attackPerTarget": false,
    "autoRemoveTemplate": true,
    "removeConcentrationEffects": "effectsTemplates",
    "undoWorkflow": false,
    "enforceSingleWeaponTarget": true,
    "quickSettings": true,
    "midiWoundedCondition": "none",
    "midiDeadCondition": "none",
    "midiUnconsciousCondition": "none",
    "griddedGridless": false,
    "gridlessFudge": 0,
    "concentrationIncapacitatedConditionCheck": true,
    "mergeCardMulti": false,
    "autoCompleteWorkflow": true,
    "useCustomSounds": false,
    "effectActivation": false,
    "addFakeDice": false,
    "highLightCriticalAttackOnly": false,
    "autoRemoveInstantaneousTemplate": false,
    "doConcentrationCheck": "chat",
    "undoChatColor": "Delete",
    "averageDamage": "none",
    "midiFieldsTab": true,
    "v3DamageApplication": true,
    "useDamageDetail": false,
    "collapsibleTargets": true,
    "autoRemoveSummonedCreature": true,
    "midiPropertiesTabRole": "0"
  },
  "midiSoundSettings": {
    "any": {},
    "version": "0.9.48"
  },
  "itemRollButtons": true,
  "criticalDamage": "default",
  "criticalDamageGM": "default",
  "nsaFlag": true,
  "coloredBorders": "None",
  "addChatDamageButtons": "none",
  "autoFastForwardAbilityRolls": true,
  "autoRemoveTargets": "none",
  "forceHideRoll": true,
  "enableWorkflow": true,
  "dragDropTargeting": false,
  "DebounceInterval": 0,
  "targetConfirmation": {
    "enabled": true,
    "always": false,
    "noneTargeted": false,
    "hasAttack": false,
    "hasCreatureTarget": false,
    "targetSelf": false,
    "hasAoE": false,
    "hasRangedAoE": false,
    "longRange": false,
    "inCover": false,
    "mixedDispositiion": false,
    "gridPosition": {
      "x": 1,
      "y": -1
    },
    "all": true
  },
  "flags": {
    "exportSource": {
      "system": "dnd5e",
      "coreVersion": "12.331",
      "systemVersion": "3.3.1",
      "midiVersion": "11.6.12"
    }
  }
}